{
	"info": {
		"_postman_id": "1968c094-8432-49e4-9276-24c583bd08a0",
		"name": "Collection API UTS Pem. Web Framework 20232",
		"description": "Collection ini digunakan mahasiswa untuk testing API yang akan mahasiswa buat untuk pengerjaan soal UTS (**jangan di otak-atik field body nya**).\n\nKami sebagai dosen pengampu matakuliah akan menggunakan collection API ini untuk memudahkan proses penilaian, sehingga mahasiswa bisa mengetahui berapa nilai UTS yang didapat hanya dengan melakukan pemeriksaan kesesuaian antara API yang dibuat dengan request-response dari collection API ini. Untuk memudahkan penggunaaan collection API serta **SYARAT NILAI** ini ikuti aturan-aturan berikut:\n\n1. **WAJIB HOSTING**, berbayar atau tidak dipersilahkan asalkan pada saat penilaian API dapat berjalan dengan baik. Kegagalan request-response API karena permasalahan hosting diluar tanggung jawab dosen pengampu dan sudah dipastikan dapat nilai 0.\n2. **WAJIB DOMAIN**, boleh menggunakan sub-domain sehingga bisa membeli domain secara kolektif.\n3. Pada collection terdapat beberapa simbol seperti berikut, **yang mana simbol ini harus mahasiswa ganti sesuai dengan API yang mahasiswa buat**:\n    1. **{{baseUrl}}** : nama domain boleh menggunakan http atau https\n    2. **{{jwtToken}}** : token JWT untuk otentikasi dan otorisasi (segmentasi role admin dan user)\n    3. **{{id}}** : id untuk melakukan edit ataupun delete, id: 1, 2, 3, dst\n    4. \"isi kan bla bla bla\" : isi kan inputan sesuai dengan seharusnya (boleh dimodifikasi inputannya untuk cek validasi inputan)\n4. **WAJIB GUNAKAN VALIDASI INPUTAN**\n5. **WAJIB LARAVEL**\n    \n\n**Apa yang harus saya penuhi untuk dapat nilai UTS?**\n\n1. Pengumpulan dan presensi wajib di BOC (ketentuan fakultas tidak bisa kompromi)\n2. Tidak melanggar aturan-aturan diatas\n3. Pengumpulan UTS berupa **link source code project UTS di github/gitlab/bitbucket (public bukan hasil kompresi seperti zip/rar), dan alamat domain**\n4. Melebihi batas waktu pengumpulan dianggap tidak mengikuti UTS\n    \n\n> Merugilah dia yang mencontek dan/atau memberi contekan kepada orang lain. Karena sesungguhnya dia telah membodohi dirinya sendiri serta orang lain.",
		"schema": "https://schema.getpostman.com/json/collection/v2.1.0/collection.json",
		"_exporter_id": "33380843"
	},
	"item": [
		{
			"name": "categories",
			"item": [
				{
					"name": "read",
					"request": {
						"method": "GET",
						"header": [
							{
								"key": "Authorization",
								"value": "{{jwtToken}}"
							}
						],
						"url": {
							"raw": "{{baseUrl}}/api/categories",
							"host": [
								"{{baseUrl}}"
							],
							"path": [
								"api",
								"categories"
							]
						},
						"description": "melihat semua kategori"
					},
					"response": []
				},
				{
					"name": "create",
					"request": {
						"auth": {
							"type": "bearer",
							"bearer": [
								{
									"key": "token",
									"value": "eyJ0eXAiOiJKV1QiLCJhbGciOiJIUzI1NiJ9.eyJpZCI6MiwibmFtZSI6Ik5BQklMIE0gUkFNQURIQU5JIFVCUEtBUkFXQU5HIiwicm9sZSI6InVzZXIiLCJpYXQiOjE3MTYxNDI2NjgsImV4cCI6MTcxNjE0NjI2OH0.PhONKE2S4ysDoaxyrhTT3r_s967-a2XYikSce3G9geE",
									"type": "string"
								}
							]
						},
						"method": "POST",
						"header": [
							{
								"key": "Authorization",
								"value": "{{jwtToken}}"
							}
						],
						"body": {
							"mode": "raw",
							"raw": "{\r\n    \"name\": \"haha\"\r\n}",
							"options": {
								"raw": {
									"language": "json"
								}
							}
						},
						"url": {
							"raw": "https://cvnabil.000webhostapp.com/api/categories",
							"protocol": "https",
							"host": [
								"cvnabil",
								"000webhostapp",
								"com"
							],
							"path": [
								"api",
								"categories"
							]
						},
						"description": "membuat kategori"
					},
					"response": []
				},
				{
					"name": "update",
					"request": {
						"method": "PUT",
						"header": [
							{
								"key": "Authorization",
								"value": "{{jwtToken}}"
							}
						],
						"body": {
							"mode": "raw",
							"raw": "{\r\n    \"name\": \"isi kan <name> <categories>\"\r\n}",
							"options": {
								"raw": {
									"language": "json"
								}
							}
						},
						"url": {
							"raw": "{{baseUrl}}/api/categories/{{id}}",
							"host": [
								"{{baseUrl}}"
							],
							"path": [
								"api",
								"categories",
								"{{id}}"
							]
						},
						"description": "menyunting kategori sesuai id yang dipilih"
					},
					"response": []
				},
				{
					"name": "delete",
					"request": {
						"method": "DELETE",
						"header": [
							{
								"key": "Authorization",
								"value": "{{jwtToken}}"
							}
						],
						"url": {
							"raw": "{{baseUrl}}/api/categories/{{id}}",
							"host": [
								"{{baseUrl}}"
							],
							"path": [
								"api",
								"categories",
								"{{id}}"
							]
						},
						"description": "menghapus kategori sesuai dengan id yang dipilih"
					},
					"response": []
				}
			],
			"description": "kelola kategori produk"
		},
		{
			"name": "products",
			"item": [
				{
					"name": "read",
					"request": {
						"method": "GET",
						"header": [
							{
								"key": "Authorization",
								"value": "{{jwtToken}}"
							}
						],
						"url": {
							"raw": "{{baseUrl}}/api/products",
							"host": [
								"{{baseUrl}}"
							],
							"path": [
								"api",
								"products"
							]
						},
						"description": "melihat semua data produk"
					},
					"response": []
				},
				{
					"name": "create",
					"request": {
						"method": "POST",
						"header": [
							{
								"key": "Authorization",
								"value": "{{jwtToken}}"
							}
						],
						"body": {
							"mode": "formdata",
							"formdata": [
								{
									"key": "name",
									"value": "isi kan nama produk",
									"type": "text"
								},
								{
									"key": "description",
									"value": "isi kan deskripsi produk",
									"type": "text"
								},
								{
									"key": "price",
									"value": "isi kan harga produk",
									"type": "text"
								},
								{
									"key": "category_id",
									"value": "isi kan nama kategori produk (bukan id nya)",
									"type": "text"
								},
								{
									"key": "expired_at",
									"value": "isi kan tanggal kadaluarsa produk",
									"type": "text"
								},
								{
									"key": "image",
									"description": "upload gambar produk",
									"type": "file",
									"src": []
								}
							]
						},
						"url": {
							"raw": "{{baseUrl}}/api/products",
							"host": [
								"{{baseUrl}}"
							],
							"path": [
								"api",
								"products"
							]
						},
						"description": "membuat data produk baru"
					},
					"response": []
				},
				{
					"name": "update",
					"request": {
						"method": "PUT",
						"header": [
							{
								"key": "Authorization",
								"value": "{{jwtToken}}"
							}
						],
						"body": {
							"mode": "formdata",
							"formdata": [
								{
									"key": "name",
									"value": "isi kan nama produk",
									"type": "text"
								},
								{
									"key": "description",
									"value": "isi kan deskripsi produk",
									"type": "text"
								},
								{
									"key": "price",
									"value": "isi kan harga produk",
									"type": "text"
								},
								{
									"key": "category_id",
									"value": "isi kan nama kategori produk (bukan id nya)",
									"type": "text"
								},
								{
									"key": "expired_at",
									"value": "isi kan tanggal kadaluarsa produk",
									"type": "text"
								},
								{
									"key": "image",
									"description": "upload gambar produk",
									"type": "file",
									"src": []
								}
							]
						},
						"url": {
							"raw": "{{baseUrl}}/api/products/{{id}}",
							"host": [
								"{{baseUrl}}"
							],
							"path": [
								"api",
								"products",
								"{{id}}"
							]
						},
						"description": "menyunting data produk sesuai dengan id yang dipilih"
					},
					"response": []
				},
				{
					"name": "delete",
					"request": {
						"method": "DELETE",
						"header": [
							{
								"key": "Authorization",
								"value": "{{jwtToken}}"
							}
						],
						"url": {
							"raw": "{{baseUrl}}/api/products/{{id}}",
							"host": [
								"{{baseUrl}}"
							],
							"path": [
								"api",
								"products",
								"{{id}}"
							]
						},
						"description": "menghapus data produk dengan id yang dipilih"
					},
					"response": []
				}
			],
			"description": "mengelola data produk"
		},
		{
			"name": "register",
			"request": {
				"method": "POST",
				"header": [],
				"body": {
					"mode": "raw",
					"raw": "{\r\n    \"name\":\"nabil\",\r\n    \"email\":\"nabil@gmail.com\",\r\n    \"password\": \"isi kan password\"\r\n}",
					"options": {
						"raw": {
							"language": "json"
						}
					}
				},
				"url": {
					"raw": "https://cvnabil.000webhostapp.com/api/register",
					"protocol": "https",
					"host": [
						"cvnabil",
						"000webhostapp",
						"com"
					],
					"path": [
						"api",
						"register"
					]
				},
				"description": "registrasi akun"
			},
			"response": []
		},
		{
			"name": "login",
			"request": {
				"method": "POST",
				"header": [],
				"body": {
					"mode": "raw",
					"raw": "{\r\n    \"email\":\"nabil@gmail.com\",\r\n    \"password\":\"isi kan password\"\r\n}",
					"options": {
						"raw": {
							"language": "json"
						}
					}
				},
				"url": {
					"raw": "https://cvnabil.000webhostapp.com/api/login",
					"protocol": "https",
					"host": [
						"cvnabil",
						"000webhostapp",
						"com"
					],
					"path": [
						"api",
						"login"
					]
				}
			},
			"response": []
		},
		{
			"name": "register with oauth google",
			"request": {
				"method": "GET",
				"header": [],
				"url": {
					"raw": "{{baseUrl}}/api/oauth/register",
					"host": [
						"{{baseUrl}}"
					],
					"path": [
						"api",
						"oauth",
						"register"
					]
				},
				"description": "registrasi akun baru menggunakan google oauth (install laravel socialite)"
			},
			"response": []
		}
	]
}